customer_id,first_name,last_name,email,gender
1,Devin,Madoc-Jones,dmadocjones0@oracle.com,Male
2,Boone,Horsell,bhorsell1@icio.us,Male
3,Mellisent,Grumble,mgrumble2@weibo.com,Female
4,Tally,Bellefant,tbellefant3@yolasite.com,Male
5,Lyndy,McGuinley,lmcguinley4@independent.co.uk,Genderqueer
6,Barnaby,Giraudou,bgiraudou5@apple.com,Male
7,Channa,Scottesmoor,cscottesmoor6@unc.edu,Female
8,Rayner,Verling,rverling7@yahoo.co.jp,Male
9,Theodore,Adshed,tadshed8@last.fm,Male
10,Sheffie,Brewins,sbrewins9@youku.com,Male
11,Gilles,Bernocchi,gbernocchia@t-online.de,Male
12,Vernon,Gaskins,vgaskinsb@goo.ne.jp,Male
13,Jsandye,Tuffley,jtuffleyc@youtube.com,Female
14,Temp,Tilley,ttilleyd@friendfeed.com,Male
15,Dorelle,Deane,ddeanee@xinhuanet.com,Female
16,Curcio,Shanklin,cshanklinf@joomla.org,Male
17,Borg,Gatheral,bgatheralg@loc.gov,Male
18,Tildy,Beeton,tbeetonh@feedburner.com,Polygender
19,Teddy,Farrand,tfarrandi@amazon.de,Male
20,Lorin,Mendel,lmendelj@ucoz.com,Bigender
21,Beverley,Dobbison,bdobbisonk@vkontakte.ru,Genderfluid
22,Zacharie,Earnshaw,zearnshawl@netlog.com,Male
23,Dillie,Cullerne,dcullernem@businesswire.com,Male
24,Vinny,Menico,vmenicon@dion.ne.jp,Female
25,Chuck,Almond,calmondo@paginegialle.it,Male
26,Carly,Pandya,cpandyap@fc2.com,Male
27,Susann,St Ledger,sstledgerq@sourceforge.net,Agender
28,Dillon,Vany,dvanyr@technorati.com,Male
29,Addy,Pude,apudes@redcross.org,Male
30,Grover,Demeza,gdemezat@gravatar.com,Male
31,Bobbe,Martignoni,bmartignoniu@eventbrite.com,Female
32,Starla,Ibbeson,sibbesonv@ihg.com,Female
33,Enid,Dumbar,edumbarw@gov.uk,Female
34,Kimbell,MacPaike,kmacpaikex@hp.com,Male
35,Everett,Trippick,etrippicky@guardian.co.uk,Male
36,Lydie,Eldrett,leldrettz@imdb.com,Female
37,Padraig,Frankowski,pfrankowski10@ibm.com,Male
38,Brendin,Rawling,brawling11@chicagotribune.com,Male
39,Suzie,Sparway,ssparway12@diigo.com,Female
40,Eilis,Walthew,ewalthew13@msu.edu,Female
41,Denys,Eddoes,deddoes14@mysql.com,Genderqueer
42,Belvia,Millier,bmillier15@abc.net.au,Female
43,Darby,Farlane,dfarlane16@europa.eu,Male
44,Reilly,Rentilll,rrentilll17@opensource.org,Male
45,Harrison,Wyche,hwyche18@paypal.com,Male
46,Kass,Petrasek,kpetrasek19@ucoz.ru,Female
47,Flem,Cogzell,fcogzell1a@jigsy.com,Polygender
48,Ahmad,Blaxlande,ablaxlande1b@buzzfeed.com,Male
49,Natalie,Oughton,noughton1c@sfgate.com,Female
50,Barthel,Braddock,bbraddock1d@craigslist.org,Male
51,Byron,Denyer,bdenyer1e@arizona.edu,Agender
52,Ken,Voller,kvoller1f@theguardian.com,Male
53,Hansiain,Gorling,hgorling1g@amazon.co.uk,Polygender
54,Ephraim,Froschauer,efroschauer1h@nifty.com,Non-binary
55,Matty,Band,mband1i@biblegateway.com,Male
56,Ashlen,Monroe,amonroe1j@dell.com,Agender
57,Wilone,Barnson,wbarnson1k@nhs.uk,Female
58,Austen,Tremonte,atremonte1l@studiopress.com,Male
59,Tamarah,Miall,tmiall1m@alexa.com,Female
60,Geoffrey,Farlambe,gfarlambe1n@tinypic.com,Male
61,Lee,Dantesia,ldantesia1o@csmonitor.com,Female
62,Heath,Gouge,hgouge1p@unicef.org,Female
63,Jerrylee,Lorkin,jlorkin1q@cbsnews.com,Female
64,Sissy,Twine,stwine1r@google.fr,Female
65,Cary,Straughan,cstraughan1s@sphinn.com,Male
66,Casey,Champkins,cchampkins1t@nationalgeographic.com,Male
67,Colby,Kilpin,ckilpin1u@mail.ru,Male
68,Lilah,Corrin,lcorrin1v@com.com,Female
69,Trescha,Jacquemard,tjacquemard1w@themeforest.net,Female
70,Ron,Paye,rpaye1x@reddit.com,Male
71,Jeanne,Southouse,jsouthouse1y@1688.com,Female
72,Sammy,Vettore,svettore1z@usnews.com,Male
73,Reidar,Ferrey,rferrey20@elpais.com,Male
74,Aile,Di Maggio,adimaggio21@noaa.gov,Female
75,Coralyn,Uff,cuff22@earthlink.net,Agender
76,Carmelita,Salerno,csalerno23@fc2.com,Female
77,Raffaello,Castaignet,rcastaignet24@mysql.com,Male
78,Hallsy,Bonsey,hbonsey25@myspace.com,Male
79,Quillan,Kubista,qkubista26@zimbio.com,Male
80,Madonna,Berryann,mberryann27@pcworld.com,Female
81,Nanete,Gurry,ngurry28@umn.edu,Female
82,Jedidiah,MacCall,jmaccall29@sohu.com,Male
83,Larissa,Geertz,lgeertz2a@moonfruit.com,Female
84,Stevena,Rentelll,srentelll2b@newsvine.com,Female
85,Roz,Mackin,rmackin2c@sourceforge.net,Female
86,Rania,Adcocks,radcocks2d@webmd.com,Female
87,Torin,Heselwood,theselwood2e@privacy.gov.au,Male
88,Windy,Room,wroom2f@photobucket.com,Female
89,Humberto,Pickles,hpickles2g@dedecms.com,Male
90,Onofredo,Butterley,obutterley2h@bloglovin.com,Male
91,Florenza,Duchesne,fduchesne2i@privacy.gov.au,Female
92,Vincent,Marler,vmarler2j@rakuten.co.jp,Male
93,Dalli,Sarvar,dsarvar2k@cafepress.com,Male
94,Sam,Ruddiman,sruddiman2l@bbc.co.uk,Male
95,Genevieve,Truesdale,gtruesdale2m@yellowbook.com,Female
96,Johannes,Burel,jburel2n@merriam-webster.com,Male
97,Donovan,Glascott,dglascott2o@reddit.com,Male
98,Annmaria,McInally,amcinally2p@berkeley.edu,Bigender
99,Bill,Hassent,bhassent2q@bizjournals.com,Female
100,Jean,Churchley,jchurchley2r@skyrock.com,Male
101,Hayes,Procter,hprocter2s@usatoday.com,Male
102,Aileen,Thirkettle,athirkettle2t@cargocollective.com,Female
103,Lizabeth,Passfield,lpassfield2u@timesonline.co.uk,Female
104,Netty,Hudleston,nhudleston2v@timesonline.co.uk,Female
105,Berte,Yackiminie,byackiminie2w@sphinn.com,Female
106,Carolyne,Bazelle,cbazelle2x@unc.edu,Female
107,Merwyn,Izkoveski,mizkoveski2y@tmall.com,Male
108,Lynne,Nunns,lnunns2z@facebook.com,Female
109,Lothario,Knowlson,lknowlson30@cmu.edu,Male
110,Kimberley,Shrimptone,kshrimptone31@microsoft.com,Female
111,Tallou,Farge,tfarge32@technorati.com,Genderqueer
112,Justinian,Barbisch,jbarbisch33@google.pl,Male
113,Lucilia,Coppock.,lcoppock34@google.ru,Female
114,Morlee,Godier,mgodier35@nifty.com,Male
115,Merry,Vischi,mvischi36@paypal.com,Female
116,Phillip,Cestard,pcestard37@wikispaces.com,Male
117,Tracie,Braben,tbraben38@ca.gov,Male
118,Lance,De'Ath,ldeath39@who.int,Male
119,Nancie,Royal,nroyal3a@blogger.com,Female
120,Corbett,Klehn,cklehn3b@miibeian.gov.cn,Male
121,Nikolia,Baudrey,nbaudrey3c@salon.com,Female
122,Den,Picknett,dpicknett3d@tripadvisor.com,Male
123,Deane,Peevor,dpeevor3e@stumbleupon.com,Female
124,Adiana,Yousef,ayousef3f@businesswire.com,Female
125,Garold,Argile,gargile3g@huffingtonpost.com,Male
126,Bartholomew,McKeeman,bmckeeman3h@istockphoto.com,Male
127,Dorella,Montford,dmontford3i@nytimes.com,Female
128,Rosina,Garrett,rgarrett3j@bandcamp.com,Female
129,Emlyn,Dalgliesh,edalgliesh3k@ucla.edu,Agender
130,Linda,Novotna,lnovotna3l@loc.gov,Female
131,Vivienne,McLeod,vmcleod3m@hatena.ne.jp,Female
132,Mariya,Lowdham,mlowdham3n@ezinearticles.com,Female
133,Cliff,Stanfield,cstanfield3o@usgs.gov,Male
134,Windham,Lithcow,wlithcow3p@cbc.ca,Male
135,Giacomo,Thurstance,gthurstance3q@amazon.co.jp,Non-binary
136,Nolly,Baggallay,nbaggallay3r@skype.com,Male
137,Heinrick,Peperell,hpeperell3s@hostgator.com,Male
138,Mateo,Meneux,mmeneux3t@shutterfly.com,Male
139,Farris,Lister,flister3u@clickbank.net,Male
140,Udale,Gwinn,ugwinn3v@yellowbook.com,Male
141,Adham,Tonnesen,atonnesen3w@studiopress.com,Male
142,Pollyanna,Gutch,pgutch3x@whitehouse.gov,Bigender
143,Stella,Beaument,sbeaument3y@dailymotion.com,Female
144,Silvia,Ousby,sousby3z@blogspot.com,Female
145,Michaela,Steels,msteels40@discuz.net,Female
146,Inesita,Lebang,ilebang41@amazon.co.jp,Female
147,Caryl,Lenton,clenton42@ifeng.com,Male
148,Luca,Hurst,lhurst43@reference.com,Agender
149,Federica,Rustich,frustich44@home.pl,Female
150,Aleta,Algeo,aalgeo45@ca.gov,Female
151,Petronella,Liddard,pliddard46@tinypic.com,Female
152,Clementine,MacDwyer,cmacdwyer47@webnode.com,Female
153,Reggy,D'Cruze,rdcruze48@squarespace.com,Male
154,Sileas,Von Hindenburg,svonhindenburg49@addthis.com,Non-binary
155,Virgil,Darnell,vdarnell4a@wikipedia.org,Male
156,Jean,Kimberley,jkimberley4b@booking.com,Male
157,Town,Farlham,tfarlham4c@bing.com,Male
158,Lana,Cottisford,lcottisford4d@51.la,Female
159,Alvira,Corsar,acorsar4e@fc2.com,Female
160,Salome,Pally,spally4f@toplist.cz,Female
161,Kendal,Dimitrijevic,kdimitrijevic4g@csmonitor.com,Male
162,Karna,Newns,knewns4h@pbs.org,Female
163,Gratia,Ervine,gervine4i@miitbeian.gov.cn,Female
164,Tremaine,Poltun,tpoltun4j@epa.gov,Male
165,Humfried,Glassopp,hglassopp4k@google.ru,Male
166,Codi,Malpas,cmalpas4l@vkontakte.ru,Female
167,Hettie,Shivlin,hshivlin4m@hostgator.com,Female
168,Flory,Dudeney,fdudeney4n@privacy.gov.au,Female
169,Eugenie,Rabbage,erabbage4o@un.org,Female
170,Stewart,MacNeely,smacneely4p@economist.com,Male
171,Arvie,Terbrug,aterbrug4q@aboutads.info,Male
172,Rhodia,Wyeth,rwyeth4r@studiopress.com,Female
173,Wildon,Bushen,wbushen4s@yolasite.com,Male
174,Kaspar,Pleager,kpleager4t@goo.ne.jp,Male
175,Lane,MacRorie,lmacrorie4u@un.org,Female
176,Sonnie,Dutnall,sdutnall4v@dagondesign.com,Female
177,Wynn,Hulburd,whulburd4w@hatena.ne.jp,Bigender
178,Bud,Kelleway,bkelleway4x@sciencedaily.com,Male
179,Pansy,Clemon,pclemon4y@posterous.com,Female
180,Karel,Tomankiewicz,ktomankiewicz4z@webs.com,Genderfluid
181,Merry,Padberry,mpadberry50@nydailynews.com,Male
182,Victoir,Buntin,vbuntin51@yale.edu,Male
183,Valentino,Trineman,vtrineman52@t-online.de,Male
184,Reube,Pernell,rpernell53@liveinternet.ru,Male
185,Emmy,Jozefiak,ejozefiak54@blogspot.com,Polygender
186,Hilda,Pateman,hpateman55@ftc.gov,Female
187,Royce,Newvell,rnewvell56@cbc.ca,Male
188,Muffin,Tribbeck,mtribbeck57@sourceforge.net,Male
189,Hagan,Bodd,hbodd58@angelfire.com,Male
190,Gardner,Roubay,groubay59@cmu.edu,Male
191,Kathe,Medmore,kmedmore5a@businesswire.com,Female
192,Harli,Order,horder5b@usgs.gov,Female
193,Jo-anne,Goly,jgoly5c@symantec.com,Female
194,Rolf,Dellow,rdellow5d@instagram.com,Male
195,Anita,Zelland,azelland5e@google.ca,Female
196,Mark,Kettoe,mkettoe5f@skyrock.com,Male
197,Rhonda,Netherclift,rnetherclift5g@hugedomains.com,Female
198,Wakefield,Shear,wshear5h@cornell.edu,Male
199,Mallory,Silverwood,msilverwood5i@unicef.org,Bigender
200,Vernen,Dicks,vdicks5j@bbc.co.uk,Male
